boss,enc,dur,dps,bc
아베르지안,3176,275.515,161284.98629839,True
아베르지안,3176,277.937,153466.69928797,True
아베르지안,3176,217.292,153149.22776724,True
아베르지안,3176,343.795,151295.01010777,True
아베르지안,3176,273.757,149955.55182151,True
아베르지안,3176,274.049,149935.50788363,True
아베르지안,3176,267.103,149555.17534434,True
아베르지안,3176,356.897,149352.96177889,True
아베르지안,3176,373.509,147092.5519867,True
아베르지안,3176,345.71,146994.02967805,False
아베르지안,3176,282.659,146514.70853573,True
아베르지안,3176,298.547,146503.93070438,True
아베르지안,3176,340.33,146262.50110187,True
아베르지안,3176,260.503,145893.42541161,True
아베르지안,3176,258.284,145709.60647969,True
아베르지안,3176,291.723,145634.01925799,True
아베르지안,3176,372.897,145525.6009032,True
아베르지안,3176,286.993,145485.97352549,True
아베르지안,3176,235.902,145396.19418233,True
아베르지안,3176,281.196,145191.91595898,True
아베르지안,3176,339.437,145186.88887776,True
아베르지안,3176,298.728,145143.56538389,True
아베르지안,3176,289.039,144975.53271358,True
아베르지안,3176,273.285,144679.41892164,True
아베르지안,3176,301.959,144588.4341914,True
아베르지안,3176,215.279,144512.39554253,True
아베르지안,3176,207.569,144470.06537585,True
아베르지안,3176,290.234,144246.21856847,True
아베르지안,3176,262.826,144137.78317214,True
아베르지안,3176,279.934,144080.62257532,True
아베르지안,3176,340.104,144063.70110319,True
아베르지안,3176,343.645,143821.10026335,True
아베르지안,3176,224.942,143756.86176881,True
아베르지안,3176,204.279,143643.38478258,True
아베르지안,3176,366.265,143639.51783545,True
아베르지안,3176,203.827,143526.21095341,False
아베르지안,3176,342.789,143455.47844301,True
아베르지안,3176,292.178,143359.14066083,True
아베르지안,3176,278.1,143230.73714491,True
아베르지안,3176,267.442,143215.38127893,True
아베르지안,3176,318.598,143095.49024162,True
아베르지안,3176,271.558,143083.88999772,True
아베르지안,3176,379.702,143080.55001027,True
아베르지안,3176,279.635,142951.5332487,True
아베르지안,3176,277.942,142886.65980672,True
아베르지안,3176,335.971,142832.68496388,True
아베르지안,3176,376.091,142822.55624304,True
아베르지안,3176,352.32,142646.70470027,True
아베르지안,3176,374.777,142459.31313821,True
아베르지안,3176,242.794,142252.41562806,True
아베르지안,3176,319.265,142206.8720342,True
아베르지안,3176,364.053,142000.02197482,True
아베르지안,3176,288.496,141985.92354833,True
아베르지안,3176,303.584,141939.65426373,True
아베르지안,3176,258.755,141882.06604703,True
아베르지안,3176,282.024,141797.78671319,True
아베르지안,3176,262.46,141671.74045569,True
아베르지안,3176,200.478,141597.75636229,True
아베르지안,3176,223.048,141588.55941322,True
아베르지안,3176,357.329,141390.46648887,True
아베르지안,3176,258.012,141336.69751794,True
아베르지안,3176,239.094,141304.86335918,True
아베르지안,3176,271.883,141181.07053402,True
아베르지안,3176,230.246,141092.77902765,True
아베르지안,3176,268.061,141089.66615808,True
아베르지안,3176,283.724,140981.88380257,True
아베르지안,3176,328.142,140890.02626912,True
아베르지안,3176,299.688,140739.51576306,True
아베르지안,3176,353.865,140715.93969452,True
아베르지안,3176,282.712,140668.9210221,True
아베르지안,3176,261.792,140596.25198631,True
아베르지안,3176,290.934,140582.07016024,True
아베르지안,3176,275.279,140529.23397716,True
아베르지안,3176,293.886,140510.52448909,True
아베르지안,3176,338.833,140490.14411229,True
아베르지안,3176,335.2,140446.0173031,True
아베르지안,3176,294.784,140430.33543205,True
아베르지안,3176,270.364,140421.36527052,True
아베르지안,3176,218.971,140378.9086226,True
아베르지안,3176,279.727,140370.56129726,True
아베르지안,3176,288.714,140363.22796955,True
아베르지안,3176,283.477,140354.23332404,True
아베르지안,3176,263.733,140353.20570425,True
아베르지안,3176,297.613,140352.61564515,True
아베르지안,3176,299.169,140319.4314919,True
아베르지안,3176,271.182,140305.70244338,True
아베르지안,3176,219.736,140170.2361015,True
아베르지안,3176,336.5,140127.08172363,True
아베르지안,3176,286.524,140119.54670464,True
아베르지안,3176,357.419,140016.84577485,True
아베르지안,3176,309.081,139913.35604583,True
아베르지안,3176,310.865,139874.90068036,True
아베르지안,3176,267.704,139807.13773421,True
아베르지안,3176,269.596,139767.33705248,True
아베르지안,3176,314.939,139749.36098737,True
아베르지안,3176,255.698,139739.25490227,True
아베르지안,3176,218.623,139726.10384086,True
아베르지안,3176,296.786,139707.0448067,True
아베르지안,3176,319.699,139696.17358828,True
아베르지안,3176,288.557,139676.75710518,True
아베르지안,3176,352.567,139670.1619834,True
아베르지안,3176,218.11,139646.6461877,False
아베르지안,3176,279.474,139644.77912078,True
아베르지안,3176,341.234,139578.95754819,True
아베르지안,3176,277.258,139533.28668605,True
아베르지안,3176,290.767,139471.26393298,True
아베르지안,3176,209.155,139464.12469221,True
아베르지안,3176,196.098,139448.67872186,False
아베르지안,3176,281.881,139384.20468212,True
아베르지안,3176,308.89,139381.21337693,True
아베르지안,3176,305.531,139340.45645123,True
아베르지안,3176,281.395,139311.19245189,True
아베르지안,3176,356.827,139309.29834345,True
아베르지안,3176,201.543,139283.23484318,False
아베르지안,3176,199.889,139275.13269865,False
아베르지안,3176,352.085,139227.48768053,True
아베르지안,3176,343.462,139214.61180567,True
아베르지안,3176,288.486,139196.61266058,True
아베르지안,3176,322.378,139171.22136126,True
아베르지안,3176,346.142,139157.88895887,True
아베르지안,3176,229.424,139120.34050492,False
아베르지안,3176,291.503,139106.50319208,True
아베르지안,3176,197.686,139104.74186336,False
아베르지안,3176,258.709,139075.316282,True
아베르지안,3176,299.074,139031.89511626,True
아베르지안,3176,284.135,138998.72947719,True
아베르지안,3176,288.767,138947.00571741,True
아베르지안,3176,236.356,138855.6034118,True
아베르지안,3176,180.982,138706.40726702,False
아베르지안,3176,209.773,138693.08252254,True
아베르지안,3176,333.561,138687.18165493,True
아베르지안,3176,278.376,138681.90864155,True
아베르지안,3176,308.596,138671.52198992,True
아베르지안,3176,287.519,138669.27403059,True
아베르지안,3176,273.158,138641.20399183,True
아베르지안,3176,310.674,138639.10079376,True
아베르지안,3176,261.16,138597.31582172,True
아베르지안,3176,282.708,138591.22133084,True
아베르지안,3176,291.285,138533.41915993,True
아베르지안,3176,289.547,138447.15020359,True
아베르지안,3176,286.129,138438.55044403,True
아베르지안,3176,295.779,138430.64247293,True
아베르지안,3176,293.471,138428.60452992,True
아베르지안,3176,291.542,138399.63367199,True
아베르지안,3176,261.071,138366.76995913,True
아베르지안,3176,271.145,138349.35182283,True
아베르지안,3176,375.95,138288.90277962,True
아베르지안,3176,210.27,138285.02877253,True
아베르지안,3176,263.757,138277.69879093,True
아베르지안,3176,279.186,138221.25393107,True
아베르지안,3176,288.538,138143.0695437,True
아베르지안,3176,290.934,138142.80558477,True
아베르지안,3176,290.041,138119.75893063,True
아베르지안,3176,182.718,138082.46040346,False
아베르지안,3176,273.613,138013.83706184,True
아베르지안,3176,210.77,138006.12516013,True
아베르지안,3176,288.949,137989.61408415,True
아베르지안,3176,282.238,137973.01213869,True
아베르지안,3176,363.602,137968.37476141,True
아베르지안,3176,374.458,137962.04914837,True
아베르지안,3176,289.514,137953.07998922,True
아베르지안,3176,288.482,137940.84899578,True
아베르지안,3176,311.583,137936.50808934,True
아베르지안,3176,328.634,137854.91762873,True
아베르지안,3176,355.144,137822.70571937,True
아베르지안,3176,208.132,137740.75106183,True
아베르지안,3176,354.15,137739.16419596,True
아베르지안,3176,200.707,137737.93141246,False
아베르지안,3176,278.642,137588.40734706,True
아베르지안,3176,379.35,137571.48279953,True
아베르지안,3176,263.656,137546.7844464,True
아베르지안,3176,246.178,137546.73853878,True
아베르지안,3176,268.156,137540.30489715,True
아베르지안,3176,216.882,137499.82017871,True
아베르지안,3176,361.972,137488.18416894,True
아베르지안,3176,301.946,137473.96223166,True
아베르지안,3176,247.507,137428.1414263,True
아베르지안,3176,267.85,137383.19208512,True
아베르지안,3176,292.939,137382.78959101,True
아베르지안,3176,279.096,137364.03603061,True
아베르지안,3176,293.619,137363.27008811,True
아베르지안,3176,184.674,137346.06928967,False
아베르지안,3176,200.219,137327.70116722,True
아베르지안,3176,220.335,137313.48628225,True
아베르지안,3176,207.999,137307.94378819,False
아베르지안,3176,339.887,137232.91270334,True
아베르지안,3176,273.057,137151.44823242,True
아베르지안,3176,234.659,137131.15627357,True
아베르지안,3176,300.424,137130.23593321,True
아베르지안,3176,195.475,137087.69407853,False
아베르지안,3176,278.567,137012.99507838,True
아베르지안,3176,284.692,137010.17239684,True
아베르지안,3176,304.954,136982.58753779,True
아베르지안,3176,270.145,136972.3518851,True
아베르지안,3176,284.903,136927.39283195,True
아베르지안,3176,187.797,136888.15582784,False
아베르지안,3176,290.192,136874.24188124,True
아베르지안,3176,351.623,136872.13009388,True
아베르지안,3176,340.482,136856.15098596,True
아베르지안,3176,370.723,136851.33914,True
아베르지안,3176,346.153,136850.55741247,True
아베르지안,3176,294.348,136827.4287578,True
아베르지안,3176,290.165,136824.85482398,True
아베르지안,3176,292.171,136817.0694559,True
아베르지안,3176,282.18,136798.37337869,True
아베르지안,3176,295.649,136787.5115424,True
아베르지안,3176,242.454,136766.56602902,True
아베르지안,3176,243.668,136761.32278346,True
아베르지안,3176,279.167,136731.34002228,True
아베르지안,3176,289.569,136703.35567689,True
아베르지안,3176,297.873,136686.62483676,True
아베르지안,3176,375.09,136682.88943987,True
아베르지안,3176,372.331,136673.70968305,True
아베르지안,3176,296.641,136653.5340698,True
아베르지안,3176,271.724,136632.50209772,True
아베르지안,3176,344.778,136624.9151628,True
아베르지안,3176,279.984,136618.91393794,True
아베르지안,3176,204.7,136581.26526624,False
아베르지안,3176,303.916,136565.36674607,True
아베르지안,3176,368.316,136563.15772326,True
아베르지안,3176,335.372,136552.16595303,True
아베르지안,3176,303.097,136525.57762037,True
아베르지안,3176,281.552,136497.30777974,True
아베르지안,3176,210.078,136466.57908015,True
아베르지안,3176,278.743,136450.11713299,True
아베르지안,3176,285.045,136438.41147889,False
아베르지안,3176,231.517,136436.68931439,False
아베르지안,3176,213.765,136413.80487919,True
아베르지안,3176,277.865,136412.93073975,True
아베르지안,3176,356.299,136405.57509283,True
아베르지안,3176,284.796,136391.18878074,True
아베르지안,3176,369.563,136331.11810436,True
아베르지안,3176,350.867,136330.60390404,True
아베르지안,3176,374.724,136303.7729102,True
아베르지안,3176,293.599,136292.86203291,True
아베르지안,3176,271.459,136291.80097179,True
아베르지안,3176,306.054,136269.97196573,True
아베르지안,3176,303.144,136258.37885625,True
아베르지안,3176,205.788,136220.76603106,False
아베르지안,3176,306.748,136102.48477578,True
아베르지안,3176,297.493,136054.09539048,True
아베르지안,3176,271.83,136050.77438105,True
아베르지안,3176,260.703,136035.72264224,True
아베르지안,3176,283.98,135994.66159589,True
아베르지안,3176,298.829,135988.31773355,True
아베르지안,3176,271.828,135976.85668879,True
아베르지안,3176,364.465,135961.31041389,True
아베르지안,3176,268.737,135940.45107298,True
아베르지안,3176,295.57,135939.81797882,True
아베르지안,3176,299.571,135917.85252912,True
아베르지안,3176,190.157,135902.90128683,False
아베르지안,3176,326.964,135889.75850552,True
아베르지안,3176,283.74,135889.40579404,True
아베르지안,3176,285.114,135871.54261103,True
아베르지안,3176,197.681,135845.24056434,False
아베르지안,3176,275.203,135823.78099076,True
아베르지안,3176,282.707,135793.02953234,True
아베르지안,3176,291.379,135791.20664152,True
아베르지안,3176,370.867,135758.67629096,True
아베르지안,3176,231.14,135753.35727265,True
아베르지안,3176,328.933,135750.37469637,True
아베르지안,3176,284.446,135745.1924091,True
아베르지안,3176,239.166,135736.38393417,True
아베르지안,3176,314.973,135735.97419461,True
아베르지안,3176,254.759,135703.34315961,True
아베르지안,3176,361.695,135694.63774727,True
아베르지안,3176,214.498,135594.52302586,False
아베르지안,3176,295.626,135567.77482359,True
아베르지안,3176,301.744,135560.81976775,True
아베르지안,3176,220.618,135558.29080129,False
아베르지안,3176,207.738,135556.93228971,False
아베르지안,3176,269.053,135538.36976358,True
아베르지안,3176,356.02,135531.36621538,False
아베르지안,3176,289.588,135498.49441275,True
아베르지안,3176,293.811,135488.75297385,False
아베르지안,3176,328.246,135465.26690348,True
아베르지안,3176,276.306,135445.02833815,True
아베르지안,3176,208.956,135436.12530868,True
아베르지안,3176,210.904,135412.82289573,False
아베르지안,3176,339.252,135395.83849174,True
아베르지안,3176,225.828,135391.05868183,False
아베르지안,3176,255.634,135381.47898949,True
아베르지안,3176,349.018,135369.51675845,True
아베르지안,3176,290.59,135343.67321656,True
아베르지안,3176,275.07,135332.7407569,True
아베르지안,3176,326.838,135331.20995723,True
아베르지안,3176,219.289,135327.23027603,False
아베르지안,3176,365.423,135307.66809971,True
아베르지안,3176,287.554,135306.41896826,True
아베르지안,3176,302.405,135255.01562474,True
아베르지안,3176,326.076,135244.75889057,True
아베르지안,3176,297.323,135241.35704268,True
아베르지안,3176,343.982,135219.17716625,True
아베르지안,3176,268.945,135211.00224953,True
아베르지안,3176,293.459,135190.54450537,True
아베르지안,3176,264.447,135169.55760512,True
아베르지안,3176,361.033,135169.47204272,True
아베르지안,3176,287.589,135167.22475477,True
아베르지안,3176,224.867,135148.77683253,True
아베르지안,3176,316.753,135084.29596563,True
아베르지안,3176,292.297,135078.89920184,True
아베르지안,3176,285.045,135078.0543423,True
아베르지안,3176,227.905,135067.12884755,True
아베르지안,3176,239.793,135043.0955032,True
아베르지안,3176,292.546,135027.47943913,True
아베르지안,3176,368.971,134985.42432874,True
아베르지안,3176,306.325,134972.70545989,True
아베르지안,3176,318.662,134968.06020172,True
아베르지안,3176,282.953,134953.97468838,True
아베르지안,3176,230.937,134923.57222966,True
아베르지안,3176,286.64,134915.10954507,True
아베르지안,3176,282.39,134913.80360494,True
아베르지안,3176,270.378,134912.61123316,True
아베르지안,3176,242.479,134898.39120089,True
아베르지안,3176,368.341,134890.03124822,True
아베르지안,3176,298.874,134880.25388625,True
아베르지안,3176,297.595,134864.41304457,True
아베르지안,3176,299.055,134856.97279765,True
아베르지안,3176,353.254,134810.57256252,True
아베르지안,3176,213.535,134785.2389538,False
아베르지안,3176,372.328,134764.80146537,True
아베르지안,3176,265.341,134754.89276064,False
아베르지안,3176,309.189,134744.51872479,True
아베르지안,3176,290.72,134736.93588332,True
아베르지안,3176,197.681,134733.31276147,False
아베르지안,3176,297.064,134731.86922683,True
아베르지안,3176,275.066,134710.8475784,True
아베르지안,3176,333.183,134705.45315937,True
아베르지안,3176,268.156,134683.37460284,True
아베르지안,3176,224.588,134679.68012539,True
아베르지안,3176,292.739,134670.79548676,True
아베르지안,3176,256.79,134668.52681179,True
아베르지안,3176,316.836,134667.30422048,True
아베르지안,3176,356.791,134659.73076675,True
아베르지안,3176,342.432,134657.26918045,True
아베르지안,3176,293.815,134629.4981536,True
아베르지안,3176,325.416,134620.71010645,True
아베르지안,3176,347.319,134620.08413015,True
아베르지안,3176,232.906,134612.81804677,True
아베르지안,3176,295.29,134604.91720004,True
아베르지안,3176,287.325,134592.88610459,True
아베르지안,3176,215.063,134573.33432529,False
아베르지안,3176,210.45,134568.32976954,True
아베르지안,3176,299.513,134551.20478911,True
아베르지안,3176,282.465,134523.32501372,True
아베르지안,3176,291.253,134522.01350716,False
아베르지안,3176,291.929,134508.4798016,True
아베르지안,3176,317.916,134504.20551341,True
아베르지안,3176,238.388,134497.264963,False
아베르지안,3176,201.992,134488.15794685,False
아베르지안,3176,292.631,134485.12290222,True
아베르지안,3176,284.639,134467.44121501,True
아베르지안,3176,297.575,134464.40057128,True
아베르지안,3176,281.293,134442.74475369,True
아베르지안,3176,278.067,134433.43870362,True
아베르지안,3176,283.07,134428.78086692,True
아베르지안,3176,289.327,134394.32545182,True
아베르지안,3176,284.176,134388.36495693,True
아베르지안,3176,364.362,134378.64266855,True
아베르지안,3176,334.847,134370.37811299,True
아베르지안,3176,297.879,134365.74582297,True
아베르지안,3176,281.962,134350.84160277,True
아베르지안,3176,316.656,134276.03140316,True
아베르지안,3176,245.679,134271.065089,True
아베르지안,3176,294.206,134218.48296772,True
아베르지안,3176,216.423,134203.23625493,False
아베르지안,3176,371.014,134172.80749513,True
아베르지안,3176,224.34,134170.44218597,False
아베르지안,3176,357.419,134154.14121801,True
아베르지안,3176,250.209,134145.19062064,True
아베르지안,3176,261.35,134125.89248135,True
아베르지안,3176,227.238,134098.08218696,True
아베르지안,3176,249.9,134076.2264906,True
아베르지안,3176,307.249,134073.44857103,True
아베르지안,3176,245.394,134052.6785496,True
아베르지안,3176,298.597,134049.10297156,True
아베르지안,3176,210.658,134036.55688367,True
아베르지안,3176,284.641,134007.29339765,True
아베르지안,3176,286.944,134002.09100033,True
아베르지안,3176,297.543,134001.80478116,True
아베르지안,3176,320.624,134000.11539997,True
아베르지안,3176,198.49,133992.140662,False
아베르지안,3176,351.126,133982.2428416,True
아베르지안,3176,290.411,133975.48302234,True
아베르지안,3176,228.442,133970.31631661,True
아베르지안,3176,233.657,133960.97698764,True
아베르지안,3176,216.743,133953.87163599,True
아베르지안,3176,198.081,133947.69816388,False
아베르지안,3176,264.516,133932.42374752,False
아베르지안,3176,277.206,133929.35939338,True
아베르지안,3176,278.651,133897.99067651,True
아베르지안,3176,335.616,133897.40358028,True
아베르지안,3176,340.066,133892.68847812,True
아베르지안,3176,292.434,133876.52256578,True
아베르지안,3176,242.352,133866.26064567,False
아베르지안,3176,297.729,133858.15624276,True
아베르지안,3176,363.618,133855.13368425,True
아베르지안,3176,345.986,133845.82902198,True
아베르지안,3176,285.666,133814.07307835,True
아베르지안,3176,232.889,133810.91850624,False
아베르지안,3176,293.72,133802.43429116,True
아베르지안,3176,289.543,133798.87961374,True
아베르지안,3176,370.208,133767.34970611,True
아베르지안,3176,290.837,133750.47535217,True
아베르지안,3176,275.964,133734.53783827,True
아베르지안,3176,296.136,133715.27608936,True
아베르지안,3176,205.729,133700.3533775,False
아베르지안,3176,295.154,133696.04680946,True
아베르지안,3176,276.683,133688.36538566,True
아베르지안,3176,290.694,133678.9717022,True
아베르지안,3176,327.42,133647.96896952,False
아베르지안,3176,282.598,133634.61878711,False
아베르지안,3176,251.768,133631.60528741,True
아베르지안,3176,262.015,133624.48333111,True
아베르지안,3176,322.13,133623.42222084,True
아베르지안,3176,335.611,133620.76928349,True
아베르지안,3176,313.1,133616.73586714,True
아베르지안,3176,269.326,133596.2216793,True
아베르지안,3176,210.947,133588.04818272,False
아베르지안,3176,282.317,133565.31841866,True
아베르지안,3176,305.188,133538.67124527,True
아베르지안,3176,272.01,133534.97297893,True
아베르지안,3176,302.78,133528.6082304,True
아베르지안,3176,276.394,133500.07959652,False
아베르지안,3176,302.613,133499.21186466,True
아베르지안,3176,300.517,133482.90446131,True
아베르지안,3176,309.888,133478.33410781,True
아베르지안,3176,184.186,133457.01627702,False
아베르지안,3176,261.019,133447.39654968,True
아베르지안,3176,372.82,133425.49487688,True
아베르지안,3176,328.047,133425.08542983,True
아베르지안,3176,243.861,133421.68694461,True
아베르지안,3176,326.752,133387.60895113,True
아베르지안,3176,246.734,133373.61287865,True
아베르지안,3176,268.067,133352.69167783,True
아베르지안,3176,281.773,133338.89336452,True
아베르지안,3176,310.657,133336.79588743,True
아베르지안,3176,298.667,133309.37130651,True
아베르지안,3176,313.999,133302.09968822,True
아베르지안,3176,282.596,133286.74503532,True
아베르지안,3176,253.215,133284.31964931,True
아베르지안,3176,275.419,133275.2678646,False
아베르지안,3176,239.373,133249.76083351,True
아베르지안,3176,286.924,133241.40190434,True
아베르지안,3176,296.811,133236.31199652,True
아베르지안,3176,293.99,133234.16102589,True
아베르지안,3176,263.6,133224.19954476,True
아베르지안,3176,303.859,133214.32638164,True
아베르지안,3176,217.856,133208.49551998,True
아베르지안,3176,300.276,133186.00554157,True
아베르지안,3176,224.154,133172.2788797,True
아베르지안,3176,214.198,133164.30592256,True
아베르지안,3176,278.344,133156.82752278,True
아베르지안,3176,361.829,133153.57807141,True
아베르지안,3176,261.025,133151.077483,True
아베르지안,3176,337.441,133134.65465074,True
아베르지안,3176,292.006,133131.06580002,True
아베르지안,3176,289.2,133128.35408022,True
아베르지안,3176,296.898,133112.99166717,True
아베르지안,3176,269.255,133109.56156803,True
아베르지안,3176,295.856,133103.3475745,True
아베르지안,3176,301.363,133067.92141039,True
아베르지안,3176,214.997,133046.53553305,True
아베르지안,3176,230.021,133026.65408811,False
아베르지안,3176,319.178,133023.13442656,True
아베르지안,3176,263.292,133020.87036446,True
아베르지안,3176,275.616,133009.13227099,True
아베르지안,3176,297.989,133005.755246,True
아베르지안,3176,297.786,133005.70543948,True
아베르지안,3176,301.189,132999.78086849,True
아베르지안,3176,224.145,132994.16449174,False
아베르지안,3176,313.892,132968.85234412,True
아베르지안,3176,209.687,132965.64880035,True
아베르지안,3176,246.593,132947.05851342,True
아베르지안,3176,278.312,132946.07490874,True
아베르지안,3176,205.788,132923.82937781,False
아베르지안,3176,220.105,132918.67063447,True
아베르지안,3176,205.729,132911.8986628,False
아베르지안,3176,200.155,132899.41295496,False
아베르지안,3176,285.306,132895.31941144,True
아베르지안,3176,280.52,132878.22258662,True
아베르지안,3176,315.599,132874.41341703,True
아베르지안,3176,287.24,132871.62999582,True
아베르지안,3176,294.843,132863.61894296,False
아베르지안,3176,294.307,132861.3488636,True
아베르지안,3176,277.222,132860.16261336,True
아베르지안,3176,283.277,132859.35674269,True
아베르지안,3176,366.345,132837.36095757,True
아베르지안,3176,257.312,132827.00379306,True
아베르지안,3176,315.82,132803.60015199,True
아베르지안,3176,275.823,132793.7807942,True
아베르지안,3176,191.669,132778.51921803,False
아베르지안,3176,204.369,132777.27541848,False
아베르지안,3176,305.264,132775.23389591,True
아베르지안,3176,215.279,132775.1661797,False
아베르지안,3176,361.47,132759.61767228,True
아베르지안,3176,262.064,132735.4157763,True
아베르지안,3176,339.1,132720.58684754,True
아베르지안,3176,286.812,132713.71839393,True
아베르지안,3176,269.916,132699.46575972,True
아베르지안,3176,300.957,132698.27915616,True
아베르지안,3176,349.016,132679.85135352,True
아베르지안,3176,302.388,132672.1232324,True
아베르지안,3176,291.31,132659.42123511,True
아베르지안,3176,286.873,132650.89081231,True
아베르지안,3176,338.556,132642.68245135,True
아베르지안,3176,210.18,132640.93158245,False
아베르지안,3176,231.011,132638.23367718,False
아베르지안,3176,315.187,132637.48504856,True
아베르지안,3176,298.904,132633.54789498,True
아베르지안,3176,235.214,132608.39065702,False
아베르지안,3176,365.667,132605.40327675,True
아베르지안,3176,289.837,132604.40868488,True
아베르지안,3176,327.65,132603.31451244,True
아베르지안,3176,228.55,132586.36622183,True
아베르지안,3176,209.236,132585.30080866,False
아베르지안,3176,294.805,132584.03351368,True
아베르지안,3176,378.785,132564.91413335,True
아베르지안,3176,287.388,132547.72641864,True
아베르지안,3176,321.007,132547.67653042,True
아베르지안,3176,287.002,132532.4736413,True
아베르지안,3176,203.592,132525.06974734,False
아베르지안,3176,228.667,132486.29666721,False
아베르지안,3176,321.762,132481.07607486,True
아베르지안,3176,276.17,132465.24966506,True
아베르지안,3176,196.106,132462.61715603,False
아베르지안,3176,378.622,132460.19248749,True
아베르지안,3176,373.242,132453.89050536,True
아베르지안,3176,346.755,132449.49315799,True
아베르지안,3176,371.646,132442.56362237,True
아베르지안,3176,297.209,132441.99536353,True
아베르지안,3176,299.912,132439.96905759,True
아베르지안,3176,375.4,132425.77250932,True
아베르지안,3176,203.607,132415.89434548,False
아베르지안,3176,283.23,132411.55950994,True
아베르지안,3176,297.411,132411.52479229,True
아베르지안,3176,313.758,132393.66645631,True
아베르지안,3176,265.149,132390.47101818,True
아베르지안,3176,241.543,132376.55821117,True
아베르지안,3176,261.762,132371.1119261,True
아베르지안,3176,259.73,132356.23147114,True
아베르지안,3176,263.656,132345.46530327,True
아베르지안,3176,298.84,132330.66523892,True
아베르지안,3176,269.326,132328.3010181,True
아베르지안,3176,335.073,132325.53801709,True
아베르지안,3176,197.681,132320.157223,False
아베르지안,3176,292.602,132318.80506627,True
아베르지안,3176,221.792,132308.93359544,False
아베르지안,3176,294.289,132300.39518976,True
아베르지안,3176,249.638,132291.69437345,True
아베르지안,3176,276.112,132287.23489019,True
아베르지안,3176,294.657,132287.0388282,True
아베르지안,3176,280.98,132285.33703466,True
아베르지안,3176,279.28,132275.8772558,True
아베르지안,3176,318.554,132268.7205309,True
아베르지안,3176,281.148,132231.4830623,True
아베르지안,3176,229.211,132223.33134099,True
아베르지안,3176,247.042,132220.25809377,True
아베르지안,3176,294.437,132219.92480565,True
아베르지안,3176,213.729,132210.06508242,False
아베르지안,3176,298.791,132199.57763119,True
아베르지안,3176,212.602,132193.44596946,False
아베르지안,3176,343.329,132185.19262864,True
아베르지안,3176,273.402,132176.09600515,True
아베르지안,3176,294.707,132158.02814321,True
아베르지안,3176,215.587,132153.82189093,False
아베르지안,3176,369.058,132152.62099724,True
아베르지안,3176,348.154,132140.80263332,True
아베르지안,3176,300.499,132105.95043578,True
아베르지안,3176,298.799,132088.36374954,True
아베르지안,3176,301.025,132072.75807657,True
아베르지안,3176,213.636,132069.13628789,True
아베르지안,3176,262.486,132067.95410041,True
아베르지안,3176,288.386,132065.84924372,True
아베르지안,3176,228.258,132064.14233017,True
아베르지안,3176,223.773,132058.17055677,True
아베르지안,3176,259.904,132029.7263605,True
살라다르,3179,349.185,156645.48018958,True
살라다르,3179,335.674,153551.52320406,True
살라다르,3179,273.884,152365.78259409,False
살라다르,3179,301.148,151725.06541634,True
살라다르,3179,278.715,151601.51767935,True
살라다르,3179,343.082,150791.05578258,True
살라다르,3179,329.275,149392.87525624,True
살라다르,3179,285.079,148590.61523297,True
살라다르,3179,369.867,148377.96559304,True
살라다르,3179,357.141,147735.96702703,True
살라다르,3179,205.138,147710.83368269,False
살라다르,3179,365.958,147438.60224397,True
살라다르,3179,326.889,146887.15435515,True
살라다르,3179,364.746,146794.53373032,True
살라다르,3179,296.034,146757.88591851,True
살라다르,3179,289.597,146242.10540855,True
살라다르,3179,367.867,146182.76170464,True
살라다르,3179,250.644,145992.79855093,False
살라다르,3179,368.317,145681.76326371,True
살라다르,3179,274.681,145576.51967191,True
살라다르,3179,210.383,145374.00835619,True
살라다르,3179,194.731,144730.74651699,False
살라다르,3179,339.726,144687.17142638,True
살라다르,3179,319.627,144518.37610715,True
살라다르,3179,353.177,144454.00748067,True
살라다르,3179,366.074,144347.67560657,True
살라다르,3179,336.866,144062.19683791,True
살라다르,3179,213.531,144028.20667725,False
살라다르,3179,351.521,143733.22788681,True
살라다르,3179,192.328,143673.43288549,False
살라다르,3179,330.16,143508.38078507,True
살라다르,3179,340.99,143472.05783161,True
살라다르,3179,326.531,143443.36372351,True
살라다르,3179,328.468,143375.79307573,True
살라다르,3179,369.177,143371.19051295,True
살라다르,3179,201.855,143114.91417106,False
살라다르,3179,296.924,143039.26930797,True
살라다르,3179,360.951,142957.41804289,True
살라다르,3179,327.647,142782.39080474,True
살라다르,3179,363.6,142751.52640264,True
살라다르,3179,221.161,142693.39078771,False
살라다르,3179,206.426,142654.83514674,False
살라다르,3179,218.386,142560.91965602,False
살라다르,3179,306.16,142554.18408675,False
살라다르,3179,279.581,142423.19041709,True
살라다르,3179,333.861,142346.28483111,False
살라다르,3179,369.248,142290.6799766,True
살라다르,3179,205.507,142160.65632801,False
살라다르,3179,266.307,142117.98037603,True
살라다르,3179,203.656,142114.4331618,False
살라다르,3179,218.606,142044.16621685,False
살라다르,3179,199.433,141870.16692323,False
살라다르,3179,348.51,141833.22716708,True
살라다르,3179,211.0,141736.64454976,True
살라다르,3179,334.463,141724.40299824,True
살라다르,3179,200.675,141676.13305095,False
살라다르,3179,368.448,141643.05139396,True
살라다르,3179,353.856,141592.37655996,True
살라다르,3179,238.255,141401.00732409,False
살라다르,3179,331.267,141390.57618175,True
살라다르,3179,367.368,141351.78621981,True
살라다르,3179,223.507,141343.43443382,True
살라다르,3179,303.656,141338.8143162,True
살라다르,3179,268.649,141187.15870895,False
살라다르,3179,332.857,141072.48758476,False
살라다르,3179,357.787,141013.59468063,True
살라다르,3179,366.056,140981.17227965,True
살라다르,3179,227.883,140976.60202823,True
살라다르,3179,375.69,140615.68048125,True
살라다르,3179,347.0,140536.68587896,True
살라다르,3179,340.054,140487.20791404,True
살라다르,3179,356.47,140469.82354756,True
살라다르,3179,279.07,140455.0005375,True
살라다르,3179,315.472,140424.77620835,True
살라다르,3179,365.689,140410.17914129,True
살라다르,3179,336.055,140296.17770901,False
살라다르,3179,275.358,140281.62246966,True
살라다르,3179,313.157,140168.9472054,True
살라다르,3179,236.467,140099.02438818,False
살라다르,3179,362.673,140064.52093208,True
살라다르,3179,364.091,139972.36130528,True
살라다르,3179,326.984,139932.21380863,True
살라다르,3179,277.21,139927.96435915,True
살라다르,3179,329.817,139806.81104976,True
살라다르,3179,323.943,139687.32770889,True
살라다르,3179,230.092,139662.63059993,False
살라다르,3179,253.234,139588.86247502,False
살라다르,3179,280.258,139571.88376425,True
살라다르,3179,247.721,139530.94812309,False
살라다르,3179,321.669,139495.02127964,True
살라다르,3179,302.753,139484.79123246,True
살라다르,3179,203.951,139415.88420748,False
살라다르,3179,331.461,139316.23629929,True
살라다르,3179,263.729,139238.82470263,False
살라다르,3179,226.763,139123.37991648,False
살라다르,3179,232.326,139098.80943157,False
살라다르,3179,206.053,139039.23262462,False
살라다르,3179,345.783,139027.86140441,True
살라다르,3179,345.783,139027.86140441,True
살라다르,3179,301.912,138951.36993561,True
살라다르,3179,375.212,138904.55529141,True
살라다르,3179,320.07,138755.85653138,True
살라다르,3179,263.842,138715.68969307,False
살라다르,3179,321.384,138710.38383989,True
살라다르,3179,323.144,138595.73750402,True
살라다르,3179,370.55,138589.23761975,True
살라다르,3179,226.633,138569.49782247,False
살라다르,3179,218.87,138537.9037785,True
살라다르,3179,374.622,138505.99270732,True
살라다르,3179,229.964,138464.28136578,True
살라다르,3179,345.851,138454.39220936,True
살라다르,3179,203.415,138439.0728314,False
살라다르,3179,230.092,138268.12318551,False
살라다르,3179,287.551,138249.50356632,True
살라다르,3179,275.974,138240.83428149,True
살라다르,3179,262.427,138199.0191558,False
살라다르,3179,360.499,138116.48298608,True
살라다르,3179,254.574,138028.37288961,False
살라다르,3179,231.482,137968.00615167,True
살라다르,3179,367.266,137947.25076647,True
살라다르,3179,214.622,137827.82286998,True
살라다르,3179,325.902,137788.54379537,True
살라다르,3179,347.34,137782.93890712,True
살라다르,3179,233.195,137711.93207402,False
살라다르,3179,277.468,137652.08600631,False
살라다르,3179,201.369,137569.58618258,False
살라다르,3179,269.643,137421.72427988,False
살라다르,3179,318.236,137384.94702045,True
살라다르,3179,259.864,137373.04128313,False
살라다르,3179,309.046,137340.21148955,True
살라다르,3179,266.82,137329.03080729,False
살라다르,3179,278.132,137271.14104094,True
살라다르,3179,364.403,137261.30684983,True
살라다르,3179,233.866,137223.61523265,False
살라다르,3179,254.207,137116.92833006,False
살라다르,3179,222.212,137067.28709521,False
살라다르,3179,201.385,137030.64776423,False
살라다르,3179,313.382,137029.19121073,True
살라다르,3179,320.872,137006.56336483,True
살라다르,3179,217.081,136943.17328555,False
살라다르,3179,349.374,136940.30465919,True
살라다르,3179,325.134,136933.0368402,True
살라다르,3179,364.606,136928.39942294,True
살라다르,3179,351.08,136838.43568417,True
살라다르,3179,338.163,136796.55669012,True
살라다르,3179,266.801,136788.74891773,False
살라다르,3179,365.693,136730.3284449,True
살라다르,3179,208.562,136719.85788399,True
살라다르,3179,312.691,136690.31408003,True
살라다르,3179,261.52,136685.66075252,False
살라다르,3179,248.685,136633.46402075,False
살라다르,3179,226.5,136618.31788079,False
살라다르,3179,273.941,136611.04398392,True
살라다르,3179,321.743,136595.59959346,False
살라다르,3179,232.199,136583.30139234,False
살라다르,3179,327.871,136578.30976207,True
살라다르,3179,248.228,136553.05203281,False
살라다르,3179,333.975,136496.41440228,True
살라다르,3179,281.298,136491.62098557,True
살라다르,3179,320.635,136474.93255571,True
살라다르,3179,333.56,136466.20098333,True
살라다르,3179,328.005,136427.62153016,True
살라다르,3179,236.529,136422.42177492,False
살라다르,3179,296.381,136415.76889207,True
살라다르,3179,204.291,136409.56282949,False
살라다르,3179,265.271,136403.01050624,False
살라다르,3179,328.608,136343.92345895,True
살라다르,3179,371.203,136313.80673109,True
살라다르,3179,355.804,136309.33322841,True
살라다르,3179,196.118,136304.0822362,False
살라다르,3179,213.91,136293.57206302,False
살라다르,3179,328.534,136291.88759763,True
살라다르,3179,306.362,136227.1463171,True
살라다르,3179,292.836,136210.22346979,False
살라다르,3179,267.209,136188.82223278,True
살라다르,3179,320.733,136171.61314863,True
살라다르,3179,254.561,136153.82167732,False
살라다르,3179,267.486,136137.00530121,True
살라다르,3179,250.973,136131.6675499,False
살라다르,3179,230.491,136091.99057664,False
살라다르,3179,296.849,136051.74347901,True
살라다르,3179,227.18,136002.5926578,False
살라다르,3179,207.721,135944.28584496,False
살라다르,3179,344.902,135901.50825452,True
살라다르,3179,244.089,135888.41774926,False
살라다르,3179,350.082,135864.67170549,True
살라다르,3179,357.88,135804.82843411,True
살라다르,3179,375.032,135778.20026024,True
살라다르,3179,271.221,135731.16019777,False
살라다르,3179,251.963,135712.08471085,False
살라다르,3179,276.062,135637.08876991,True
살라다르,3179,235.578,135628.91271681,False
살라다르,3179,194.998,135627.56028267,False
살라다르,3179,303.639,135607.04981903,True
살라다르,3179,329.629,135593.69776324,True
살라다르,3179,246.711,135537.92494052,False
살라다르,3179,267.778,135529.82321176,True
살라다르,3179,367.119,135508.33108611,True
살라다르,3179,206.742,135437.31317294,False
살라다르,3179,277.412,135398.21997606,False
살라다르,3179,313.853,135393.76077336,False
살라다르,3179,367.164,135383.79034982,True
살라다르,3179,374.605,135371.77560364,True
살라다르,3179,203.754,135368.07130167,False
살라다르,3179,319.035,135357.50309527,True
살라다르,3179,337.581,135356.70846404,True
살라다르,3179,361.406,135241.71153772,True
살라다르,3179,301.96,135217.11153795,True
살라다르,3179,238.12,135157.08046363,True
살라다르,3179,281.903,135142.36102489,False
살라다르,3179,222.553,135001.63556546,False
살라다르,3179,273.796,135000.49672019,True
살라다르,3179,215.086,134962.67074566,False
살라다르,3179,296.626,134942.07183457,True
살라다르,3179,360.263,134926.72575313,True
살라다르,3179,208.828,134909.99291283,False
살라다르,3179,321.149,134847.98956248,True
살라다르,3179,335.788,134831.91775763,True
살라다르,3179,320.126,134806.55429425,True
살라다르,3179,269.056,134764.23123811,False
살라다르,3179,206.605,134763.81500932,False
살라다르,3179,260.328,134744.1573707,True
살라다르,3179,219.937,134679.90833739,False
살라다르,3179,335.57,134658.67330214,True
살라다르,3179,198.656,134585.88716173,False
살라다르,3179,209.924,134584.27335607,False
살라다르,3179,244.089,134580.19001266,False
살라다르,3179,323.576,134576.77330828,True
살라다르,3179,222.842,134550.91051059,False
살라다르,3179,243.591,134549.60569151,True
살라다르,3179,327.482,134528.52675872,True
살라다르,3179,257.146,134493.76229846,False
살라다르,3179,254.631,134449.78812478,True
살라다르,3179,301.348,134430.27330528,True
살라다르,3179,212.937,134373.49544701,False
살라다르,3179,261.962,134320.37852818,False
살라다르,3179,275.307,134315.40062548,False
살라다르,3179,254.844,134286.48506537,False
살라다르,3179,315.597,134277.90504979,False
살라다르,3179,355.45,134269.28400619,True
살라다르,3179,329.149,134258.37842436,True
살라다르,3179,370.782,134231.28415079,True
살라다르,3179,354.906,134207.71697294,True
살라다르,3179,265.488,134207.39167119,True
살라다르,3179,360.095,134134.78387648,True
살라다르,3179,236.655,134076.34742558,False
살라다르,3179,258.974,134074.75267788,False
살라다르,3179,359.755,134050.06740699,True
살라다르,3179,266.912,134022.01474643,True
살라다르,3179,361.076,133978.69700562,True
살라다르,3179,237.718,133977.15360217,True
살라다르,3179,228.078,133912.8894501,False
살라다르,3179,270.706,133906.24515157,True
살라다르,3179,241.576,133868.92323741,False
살라다르,3179,373.697,133861.90951493,True
살라다르,3179,355.95,133832.0578733,True
살라다르,3179,328.26,133831.31359288,True
살라다르,3179,272.943,133828.60157615,False
살라다르,3179,321.285,133763.72379663,True
살라다르,3179,259.402,133745.9541561,False
살라다르,3179,239.534,133734.3341655,False
살라다르,3179,348.844,133728.88454438,True
살라다르,3179,233.002,133708.85657634,False
살라다르,3179,272.873,133666.69109806,True
살라다르,3179,237.493,133666.35648209,False
살라다르,3179,371.296,133661.82237352,True
살라다르,3179,340.537,133652.24924164,True
살라다르,3179,286.451,133630.91418777,False
살라다르,3179,359.915,133596.9992915,True
살라다르,3179,232.704,133580.40257151,False
살라다르,3179,337.522,133567.79706212,True
살라다르,3179,335.633,133518.584287,True
살라다르,3179,331.247,133513.20011955,True
살라다르,3179,226.64,133512.55735969,False
살라다르,3179,299.488,133463.85164013,True
살라다르,3179,299.129,133455.66628445,True
살라다르,3179,231.021,133455.20537094,False
살라다르,3179,255.475,133381.79078188,True
살라다르,3179,233.211,133379.88345318,False
살라다르,3179,305.16,133367.47935509,True
살라다르,3179,333.03,133351.20859983,True
살라다르,3179,323.511,133349.59244044,False
살라다르,3179,309.471,133284.13647805,True
살라다르,3179,342.906,133272.72197045,False
살라다르,3179,349.387,133263.83637628,True
살라다르,3179,203.565,133260.10856483,False
살라다르,3179,232.565,133227.22249694,True
살라다르,3179,267.83,133202.19915618,False
살라다르,3179,212.531,133187.62439362,False
살라다르,3179,323.144,133177.02943579,False
살라다르,3179,299.129,133147.61524292,True
살라다르,3179,233.839,133144.01789265,False
살라다르,3179,276.066,133095.67639622,False
살라다르,3179,299.361,133086.51427541,False
살라다르,3179,319.108,133062.0667611,True
살라다르,3179,264.613,133033.66803596,True
살라다르,3179,366.886,132959.47515032,True
살라다르,3179,230.936,132959.05359061,False
살라다르,3179,351.183,132956.76613048,True
살라다르,3179,344.103,132944.17659829,False
살라다르,3179,279.325,132862.97681912,False
살라다르,3179,305.117,132849.16933504,False
살라다르,3179,340.799,132827.13857728,True
살라다르,3179,256.772,132820.95010359,False
살라다르,3179,356.327,132808.49893497,True
살라다르,3179,361.33,132779.98505521,True
살라다르,3179,277.608,132736.5817988,False
살라다르,3179,296.286,132734.55377574,True
살라다르,3179,331.224,132715.60635703,True
살라다르,3179,337.522,132711.71064405,True
살라다르,3179,232.589,132708.24501589,False
살라다르,3179,335.94,132675.87366792,True
살라다르,3179,313.103,132652.46580199,True
살라다르,3179,291.501,132638.80741404,True
살라다르,3179,268.608,132638.54017751,True
살라다르,3179,302.358,132614.66870399,True
살라다르,3179,267.83,132613.84086921,True
살라다르,3179,259.092,132582.5305297,False
살라다르,3179,369.499,132557.44941123,True
살라다르,3179,325.365,132556.53189495,True
살라다르,3179,355.63,132540.31155977,True
살라다르,3179,227.849,132538.9358742,False
살라다르,3179,207.721,132538.15454384,False
살라다르,3179,378.763,132479.05154411,True
살라다르,3179,304.666,132416.19675317,True
살라다르,3179,211.468,132387.82227098,False
살라다르,3179,236.127,132371.86768137,False
살라다르,3179,279.861,132367.27160983,True
살라다르,3179,350.897,132345.29220825,True
살라다르,3179,316.781,132303.68929955,True
살라다르,3179,244.989,132303.45444081,True
살라다르,3179,328.585,132298.94547834,True
살라다르,3179,304.678,132293.04052147,True
살라다르,3179,236.316,132261.20533523,False
살라다르,3179,367.096,132256.62769412,True
살라다르,3179,335.084,132250.4536176,True
살라다르,3179,335.444,132222.12053279,True
살라다르,3179,360.082,132215.94803406,True
살라다르,3179,232.482,132197.58518939,False
살라다르,3179,375.857,132182.85411739,True
살라다르,3179,195.198,132180.02233629,True
살라다르,3179,234.458,132161.90959575,False
살라다르,3179,348.673,132140.72210925,True
살라다르,3179,302.246,132130.9694752,True
살라다르,3179,265.909,132127.21269306,False
살라다르,3179,282.991,132106.67477058,True
살라다르,3179,236.995,132072.90871115,False
살라다르,3179,274.688,132048.89547414,True
살라다르,3179,364.504,132044.36988346,True
살라다르,3179,261.434,132042.0871042,False
살라다르,3179,230.695,132024.64726154,False
살라다르,3179,245.956,132024.45152792,True
살라다르,3179,244.351,132022.23850117,False
살라다르,3179,276.472,132015.66523916,True
살라다르,3179,311.008,132007.15737216,True
살라다르,3179,251.951,132001.03988474,False
살라다르,3179,226.5,131981.06843267,False
살라다르,3179,365.184,131969.01288118,True
살라다르,3179,246.625,131956.88190573,False
살라다르,3179,241.149,131952.43604576,False
살라다르,3179,309.85,131913.56785541,True
살라다르,3179,340.681,131900.60496476,True
살라다르,3179,290.049,131896.35889108,True
살라다르,3179,325.355,131889.10267247,False
살라다르,3179,352.608,131888.07968055,True
살라다르,3179,263.133,131882.99073092,False
살라다르,3179,364.45,131858.59514337,True
살라다르,3179,290.331,131838.35690987,False
살라다르,3179,270.544,131836.39629783,False
살라다르,3179,258.648,131829.82663697,False
살라다르,3179,253.267,131828.81307079,True
살라다르,3179,267.975,131828.37204963,True
살라다르,3179,254.803,131810.02578463,True
살라다르,3179,239.337,131776.37389956,True
살라다르,3179,357.696,131756.08617373,True
살라다르,3179,245.343,131755.95390942,False
살라다르,3179,205.507,131754.80640562,False
살라다르,3179,310.141,131754.32787023,True
살라다르,3179,242.77,131749.42538205,False
살라다르,3179,243.682,131726.43445146,False
살라다르,3179,334.842,131696.75548468,False
살라다르,3179,258.673,131685.54507042,False
살라다르,3179,209.418,131681.91368459,False
살라다르,3179,327.796,131672.54023844,True
살라다르,3179,347.487,131661.36287113,True
살라다르,3179,321.001,131637.37184619,False
살라다르,3179,299.31,131618.6194915,True
살라다르,3179,286.509,131602.14164302,True
살라다르,3179,275.052,131565.97297965,False
살라다르,3179,209.919,131549.89305399,False
살라다르,3179,371.054,131549.17343567,True
살라다르,3179,239.137,131511.61049942,False
살라다르,3179,358.312,131452.91812722,True
살라다르,3179,233.047,131431.57388853,False
살라다르,3179,300.299,131401.71628943,False
살라다르,3179,254.523,131396.97001843,False
살라다르,3179,237.572,131358.32505514,False
살라다르,3179,307.329,131357.02781059,True
살라다르,3179,335.213,131325.62281296,True
살라다르,3179,241.197,131297.11397737,False
살라다르,3179,251.947,131292.44245814,True
살라다르,3179,288.795,131268.86892086,False
살라다르,3179,363.786,131262.55270956,True
살라다르,3179,275.448,131246.62368215,False
살라다르,3179,370.478,131231.6520819,True
살라다르,3179,274.958,131215.76749904,True
살라다르,3179,265.803,131209.2376685,False
살라다르,3179,275.263,131190.35976502,True
살라다르,3179,333.498,131160.51970327,False
살라다르,3179,358.961,131154.46803413,True
살라다르,3179,270.045,131141.29867244,False
살라다르,3179,318.606,131137.00934697,True
살라다르,3179,224.901,131128.6254841,False
살라다르,3179,218.36,131115.799597,False
살라다르,3179,342.095,131115.13468481,True
살라다르,3179,343.667,131095.65364146,True
살라다르,3179,308.775,131064.3543033,False
살라다르,3179,363.523,131063.0579083,True
살라다르,3179,232.333,131041.93549776,False
살라다르,3179,306.321,131035.70437548,True
살라다르,3179,274.75,131025.62693358,True
살라다르,3179,365.983,131025.02848493,True
살라다르,3179,330.417,131018.32230182,True
살라다르,3179,270.447,131015.06764727,False
살라다르,3179,330.802,130990.447458,False
살라다르,3179,328.928,130981.8258099,True
살라다르,3179,315.971,130939.48178789,True
살라다르,3179,253.928,130915.21218613,False
살라다르,3179,284.146,130903.3349053,True
살라다르,3179,205.228,130896.45662385,True
살라다르,3179,284.266,130895.91439004,False
살라다르,3179,204.9,130886.03709126,False
살라다르,3179,242.581,130881.91985357,False
살라다르,3179,357.435,130880.57968582,True
살라다르,3179,317.282,130853.26302784,True
살라다르,3179,230.01,130846.1632103,False
살라다르,3179,324.925,130820.38316535,True
살라다르,3179,310.613,130818.80024339,True
살라다르,3179,228.53,130770.48089966,False
살라다르,3179,307.157,130741.86165381,True
살라다르,3179,277.327,130740.90153501,False
살라다르,3179,365.609,130735.55355585,False
살라다르,3179,335.887,130716.86906608,True
살라다르,3179,246.949,130706.47785575,True
살라다르,3179,286.121,130701.42352361,False
살라다르,3179,275.226,130698.99282771,True
살라다르,3179,351.82,130694.80700358,True
살라다르,3179,344.282,130684.23850216,True
살라다르,3179,276.373,130682.0782059,False
살라다르,3179,275.518,130671.49877685,True
살라다르,3179,212.771,130662.68899427,False
살라다르,3179,340.305,130658.37704412,True
살라다르,3179,359.027,130629.81335666,False
살라다르,3179,367.242,130608.8437597,True
살라다르,3179,350.918,130602.30880149,True
살라다르,3179,333.461,130596.75644228,True
살라다르,3179,328.017,130579.32972986,True
살라다르,3179,271.459,130567.12063332,False
살라다르,3179,368.863,130526.4122452,True
살라다르,3179,262.685,130508.66246645,False
살라다르,3179,318.415,130486.59139802,True
살라다르,3179,301.529,130400.25005887,False
살라다르,3179,242.838,130393.0274504,False
살라다르,3179,263.988,130365.30448354,False
살라다르,3179,246.725,130352.68821562,False
살라다르,3179,206.742,130345.04358089,False
살라다르,3179,225.883,130313.08686355,False
살라다르,3179,349.093,130294.18521712,True
살라다르,3179,233.262,130276.9032247,False
살라다르,3179,329.754,130264.29702142,True
살라다르,3179,311.546,130226.97771758,True
살라다르,3179,300.388,130218.98011905,False
살라다르,3179,369.183,130172.97654551,True
살라다르,3179,289.025,130172.33111323,False
살라다르,3179,274.108,130172.1657157,False
살라다르,3179,270.852,130166.05747788,False
살라다르,3179,346.098,130149.24674514,True
살라다르,3179,231.221,130143.64179724,False
살라다르,3179,295.84,130138.71687399,True
살라다르,3179,357.536,130126.35370984,True
살라다르,3179,205.853,130115.37359183,True
살라다르,3179,242.508,130113.22513072,False
살라다르,3179,272.094,130096.55119187,False
살라다르,3179,335.031,130093.46597778,True
살라다르,3179,275.083,130073.9013316,True
살라다르,3179,225.573,130061.21299978,False
살라다르,3179,327.199,130042.8057543,True
살라다르,3179,300.109,130026.59700309,True
살라다르,3179,316.864,130018.87876187,True
살라다르,3179,273.938,129989.51952632,True
살라다르,3179,222.553,129956.12730451,False
살라다르,3179,284.334,129937.59803611,False
살라다르,3179,321.727,129936.00474937,True
살라다르,3179,337.468,129932.6425024,False
살라다르,3179,244.369,129925.50200721,True
살라다르,3179,325.752,129912.08035561,False
살라다르,3179,285.812,129909.47196059,False
살라다르,3179,257.358,129903.41858423,True
살라다르,3179,348.203,129893.85502135,True
살라다르,3179,329.629,129881.86415637,True
살라다르,3179,376.828,129850.14117847,False
살라다르,3179,377.973,129829.08567543,True
살라다르,3179,335.344,129784.80604991,True
살라다르,3179,328.144,129779.88931689,True
살라다르,3179,268.225,129755.58579551,False
살라다르,3179,364.423,129746.3112921,True
살라다르,3179,307.084,129743.69553607,False
살라다르,3179,215.326,129741.98192508,True
살라다르,3179,220.099,129740.66215657,False
살라다르,3179,217.081,129736.23670427,False
살라다르,3179,274.938,129731.91774145,True
살라다르,3179,277.489,129713.57423177,True
살라다르,3179,204.304,129706.72135641,False
살라다르,3179,362.097,129701.24579878,True
살라다르,3179,203.951,129685.02728597,False
살라다르,3179,376.599,129677.04109676,True
살라다르,3179,337.973,129669.6008261,True
살라다르,3179,361.821,129658.11271319,False
살라다르,3179,278.783,129633.74380791,True
살라다르,3179,357.367,129631.58042013,True
살라다르,3179,357.851,129626.74409181,True
살라다르,3179,306.919,129619.88993839,True
살라다르,3179,297.966,129597.14531188,True
살라다르,3179,230.073,129584.26238629,False
살라다르,3179,249.835,129579.32235275,False
살라다르,3179,307.097,129574.74348496,False
살라다르,3179,186.101,129574.69868512,False
살라다르,3179,370.957,129572.10674013,True
살라다르,3179,284.945,129560.63801786,True
살라다르,3179,327.806,129559.54436465,True
살라다르,3179,299.07,129547.60423981,True
살라다르,3179,306.247,129538.87221752,True
살라다르,3179,241.385,129532.09602917,False
살라다르,3179,368.834,129531.05462078,True
살라다르,3179,327.284,129528.8587282,True
살라다르,3179,326.344,129501.35746329,True
살라다르,3179,352.473,129471.20772371,False
살라다르,3179,351.067,129464.48683585,False
살라다르,3179,239.148,129464.23553615,False
살라다르,3179,227.542,129464.19122624,False
살라다르,3179,301.464,129455.84879123,True
살라다르,3179,256.728,129442.03982425,False
살라다르,3179,359.922,129427.07864482,True
살라다르,3179,208.776,129424.22979653,False
살라다르,3179,349.821,129397.57475966,True
살라다르,3179,227.877,129382.44754846,True
살라다르,3179,325.47,129380.74784158,False
살라다르,3179,348.352,129368.25682069,False
살라다르,3179,349.303,129368.15601355,True
살라다르,3179,257.103,129354.42604715,False
살라다르,3179,289.72,129352.7371255,True
살라다르,3179,256.579,129338.72218693,False
살라다르,3179,274.49,129338.60978542,True
살라다르,3179,328.326,129327.37583987,True
살라다르,3179,352.187,129309.18517719,True
살라다르,3179,281.007,129305.45502425,False
살라다르,3179,314.375,129303.36063618,True
살라다르,3179,326.94,129261.812565,False
살라다르,3179,365.062,129260.71461834,True
살라다르,3179,263.292,129254.72099418,False
살라다르,3179,280.571,129250.61749076,True
살라다르,3179,271.998,129249.36580416,True
살라다르,3179,252.089,129248.16235536,False
살라다르,3179,339.511,129245.97435724,True
살라다르,3179,354.737,129234.03817476,True
살라다르,3179,320.15,129208.16492269,True
살라다르,3179,294.267,129150.53335916,True
살라다르,3179,353.334,129149.0799074,False
살라다르,3179,342.32,129145.81093713,True
살라다르,3179,247.254,129120.8797431,False
살라다르,3179,281.543,129106.7900818,True
살라다르,3179,314.675,129103.9326289,True
살라다르,3179,199.195,129079.01804764,False
살라다르,3179,308.946,129069.99605109,True
살라다르,3179,186.729,129069.80704658,True
살라다르,3179,374.514,129062.97494887,True
살라다르,3179,314.008,129054.68332017,False
살라다르,3179,323.301,129053.29398919,True
살라다르,3179,362.547,129037.82957796,False
살라다르,3179,301.599,129031.35620476,True
살라다르,3179,274.553,129027.85983034,False
살라다르,3179,367.765,129024.78484902,True
살라다르,3179,353.998,129018.90971135,True
살라다르,3179,260.574,129007.05749614,True
살라다르,3179,254.609,128997.66701099,False
살라다르,3179,341.388,128965.94197804,True
살라다르,3179,361.325,128963.84971978,True
살라다르,3179,278.226,128962.02727279,True
살라다르,3179,260.892,128948.43076829,False
카이메루스,3306,345.104,162580.40764523,True
카이메루스,3306,333.684,157934.90547944,True
카이메루스,3306,356.102,154623.04620586,True
카이메루스,3306,335.68,153202.7913489,True
카이메루스,3306,363.933,150522.56596681,True
카이메루스,3306,357.873,150387.95606263,True
카이메루스,3306,363.502,149495.90098541,True
카이메루스,3306,342.619,148400.45356504,True
카이메루스,3306,364.497,147426.87319786,True
카이메루스,3306,340.376,145912.97271253,True
카이메루스,3306,371.122,145869.23707029,True
카이메루스,3306,366.708,145393.70289167,True
카이메루스,3306,346.126,145160.50802309,True
카이메루스,3306,364.444,145102.98427193,True
카이메루스,3306,344.071,145083.90419419,True
카이메루스,3306,371.34,145057.62912695,True
카이메루스,3306,342.221,144994.1266024,True
카이메루스,3306,350.068,144217.78625867,True
카이메루스,3306,377.965,144090.27820036,True
카이메루스,3306,372.257,144083.14148559,True
카이메루스,3306,376.544,143993.23053879,True
카이메루스,3306,378.232,143866.27519618,True
카이메루스,3306,353.32,143845.5536058,True
카이메루스,3306,354.777,143720.6921531,True
카이메루스,3306,353.926,143649.16960042,True
카이메루스,3306,353.299,143570.10067959,True
카이메루스,3306,352.528,143047.39198021,True
카이메루스,3306,354.809,143001.57267713,True
카이메루스,3306,356.108,142575.87304975,True
카이메루스,3306,372.481,142466.51238587,True
카이메루스,3306,339.114,142391.38165927,True
카이메루스,3306,360.277,142364.64442637,True
카이메루스,3306,345.353,142357.32424505,True
카이메루스,3306,338.985,142292.69141702,True
카이메루스,3306,364.554,142193.10445092,True
카이메루스,3306,340.901,142173.70732265,True
카이메루스,3306,345.72,141847.28103668,True
카이메루스,3306,354.565,141502.73997716,True
카이메루스,3306,331.321,141327.71541798,True
카이메루스,3306,361.75,141283.19281272,True
카이메루스,3306,366.891,141180.4377867,True
카이메루스,3306,359.258,141101.70685134,False
카이메루스,3306,371.299,141000.59790088,True
카이메루스,3306,362.186,140820.04274047,True
카이메루스,3306,356.499,140814.07801985,True
카이메루스,3306,314.706,140810.49614561,True
카이메루스,3306,377.689,140807.27000257,True
카이메루스,3306,318.072,140769.80683619,True
카이메루스,3306,374.953,140769.54444957,True
카이메루스,3306,351.051,140696.05271029,True
카이메루스,3306,357.773,140565.82805298,True
카이메루스,3306,355.515,140544.0473679,True
카이메루스,3306,364.623,140456.27675709,True
카이메루스,3306,338.598,140441.0953402,True
카이메루스,3306,366.346,140318.54585556,True
카이메루스,3306,350.257,140191.85912059,True
카이메루스,3306,350.435,139980.19604206,True
카이메루스,3306,351.779,139978.67411073,True
카이메루스,3306,365.201,139812.53063382,True
카이메루스,3306,365.201,139812.53063382,True
카이메루스,3306,377.261,139781.76646937,True
카이메루스,3306,373.332,139729.73653477,True
카이메루스,3306,371.664,139671.75459555,True
카이메루스,3306,378.191,139571.50751869,True
카이메루스,3306,370.804,139477.55148272,True
카이메루스,3306,368.265,139414.46512701,True
카이메루스,3306,327.438,139355.09928597,True
카이메루스,3306,362.558,139200.20796673,True
카이메루스,3306,358.587,139161.52007741,True
카이메루스,3306,364.525,139092.12536863,True
카이메루스,3306,344.269,138927.50436432,True
카이메루스,3306,328.918,138915.87264911,True
카이메루스,3306,367.053,138875.61196884,True
카이메루스,3306,368.47,138823.81197927,True
카이메루스,3306,353.798,138774.24971311,True
카이메루스,3306,346.966,138751.44538658,True
카이메루스,3306,346.468,138744.02830853,True
카이메루스,3306,350.933,138717.72674556,True
카이메루스,3306,367.203,138697.19473969,True
카이메루스,3306,345.909,138678.37205739,True
카이메루스,3306,379.474,138632.96563137,True
카이메루스,3306,370.802,138577.78814569,True
카이메루스,3306,365.765,138569.61983787,True
카이메루스,3306,378.771,138467.99781398,True
카이메루스,3306,307.723,138391.40720713,True
카이메루스,3306,366.277,138363.27151309,True
카이메루스,3306,363.868,138303.83545681,True
카이메루스,3306,379.568,138297.64627155,True
카이메루스,3306,343.457,138272.39217719,True
카이메루스,3306,355.298,138184.38325012,True
카이메루스,3306,357.341,137987.42657574,True
카이메루스,3306,362.928,137981.68507252,True
카이메루스,3306,345.428,137926.47382378,True
카이메루스,3306,327.189,137923.99194349,True
카이메루스,3306,359.129,137837.52077944,True
카이메루스,3306,354.451,137803.18295053,True
카이메루스,3306,371.275,137773.30550131,True
카이메루스,3306,364.259,137733.08003371,True
카이메루스,3306,343.937,137607.98925385,True
카이메루스,3306,364.653,137561.97809973,True
카이메루스,3306,338.102,137531.75373112,True
카이메루스,3306,356.763,137502.40916239,True
카이메루스,3306,367.995,137478.3380209,True
카이메루스,3306,352.465,137422.81644986,True
카이메루스,3306,350.052,137403.85714122,True
카이메루스,3306,356.01,137297.62647117,True
카이메루스,3306,368.429,137287.55065426,True
카이메루스,3306,365.713,137228.79689811,True
카이메루스,3306,347.688,137171.13331493,True
카이메루스,3306,362.851,137168.8351417,True
카이메루스,3306,370.952,137152.21376351,True
카이메루스,3306,346.138,137106.58754601,True
카이메루스,3306,354.12,137043.57280018,True
카이메루스,3306,376.426,137002.62734243,True
카이메루스,3306,376.571,136908.15277863,True
카이메루스,3306,356.516,136823.35154663,True
카이메루스,3306,328.018,136819.72635648,True
카이메루스,3306,369.537,136802.98319248,True
카이메루스,3306,353.594,136785.89568828,True
카이메루스,3306,365.366,136754.49549219,True
카이메루스,3306,357.14,136689.15551324,True
카이메루스,3306,347.372,136674.99971212,True
카이메루스,3306,368.753,136646.45982541,True
카이메루스,3306,366.972,136643.1526111,True
카이메루스,3306,350.842,136616.74485951,True
카이메루스,3306,363.7,136568.34478966,True
카이메루스,3306,352.291,136563.75269309,True
카이메루스,3306,355.092,136547.91434333,True
카이메루스,3306,349.43,136527.57347681,True
카이메루스,3306,339.261,136463.43080991,True
카이메루스,3306,359.369,136391.42496988,True
카이메루스,3306,339.103,136390.86649189,True
카이메루스,3306,361.66,136358.29508378,True
카이메루스,3306,370.991,136315.78933182,True
카이메루스,3306,378.065,136310.53125785,True
카이메루스,3306,349.771,136284.7806136,True
카이메루스,3306,358.143,136278.93606744,True
카이메루스,3306,361.54,136264.89185152,True
카이메루스,3306,354.978,136224.13501682,True
카이메루스,3306,329.956,136193.73492223,True
카이메루스,3306,367.237,136189.39268102,True
카이메루스,3306,356.465,136164.26016579,True
카이메루스,3306,320.681,136156.65723881,True
카이메루스,3306,362.34,136140.97808688,True
카이메루스,3306,368.4,136120.33387622,True
카이메루스,3306,358.738,136114.97527443,True
카이메루스,3306,358.875,136107.29919889,True
카이메루스,3306,351.022,136097.48106956,True
카이메루스,3306,362.509,136078.20495491,True
카이메루스,3306,362.405,136045.54296988,True
카이메루스,3306,364.942,136004.989834,True
카이메루스,3306,348.571,135946.36386848,True
카이메루스,3306,375.594,135937.90369388,True
카이메루스,3306,366.825,135905.30907108,True
카이메루스,3306,371.899,135888.99136594,True
카이메루스,3306,350.729,135831.08610922,True
카이메루스,3306,368.879,135827.54507576,True
카이메루스,3306,355.295,135775.21496221,True
카이메루스,3306,356.937,135760.75049659,True
카이메루스,3306,379.074,135734.04401251,True
카이메루스,3306,363.97,135731.69217243,True
카이메루스,3306,345.436,135715.76789912,True
카이메루스,3306,338.845,135705.26641975,True
카이메루스,3306,372.528,135664.69097625,True
카이메루스,3306,375.033,135596.64882824,True
카이메루스,3306,371.452,135592.55031606,True
카이메루스,3306,363.502,135492.57500646,True
카이메루스,3306,323.983,135469.29931509,True
카이메루스,3306,358.844,135465.12412079,True
카이메루스,3306,375.618,135428.84792529,True
카이메루스,3306,358.64,135406.82299799,True
카이메루스,3306,373.721,135387.21934277,True
카이메루스,3306,329.45,135341.30217028,True
카이메루스,3306,373.153,135325.74037995,True
카이메루스,3306,359.103,135288.97001696,True
카이메루스,3306,346.738,135256.68948889,True
카이메루스,3306,371.765,135240.23240488,True
카이메루스,3306,329.447,135209.84862512,True
카이메루스,3306,361.945,135186.91790189,True
카이메루스,3306,368.625,135174.38589352,True
카이메루스,3306,347.84,135174.22953082,True
카이메루스,3306,345.325,135125.14298125,True
카이메루스,3306,342.536,135118.19487587,True
카이메루스,3306,364.962,135107.97014484,True
카이메루스,3306,313.331,135086.63362387,True
카이메루스,3306,364.465,135080.89116925,True
카이메루스,3306,341.421,135067.94251086,True
카이메루스,3306,356.764,135032.79759169,True
카이메루스,3306,342.006,135025.50832442,True
카이메루스,3306,374.74,135003.645194,True
카이메루스,3306,346.904,134990.88220372,True
카이메루스,3306,364.96,134956.24451995,True
카이메루스,3306,365.454,134917.72972795,True
카이메루스,3306,345.981,134887.46491859,True
카이메루스,3306,352.235,134881.23553877,True
카이메루스,3306,375.05,134830.47860285,True
카이메루스,3306,333.242,134828.93512823,True
카이메루스,3306,366.244,134794.59868285,False
카이메루스,3306,375.3,134788.6384226,True
카이메루스,3306,359.015,134761.59491943,True
카이메루스,3306,338.283,134756.53816479,True
카이메루스,3306,356.253,134728.24369198,True
카이메루스,3306,362.419,134689.28781328,True
카이메루스,3306,373.472,134688.85485391,True
카이메루스,3306,352.935,134651.64690382,True
카이메루스,3306,367.88,134647.915081,True
카이메루스,3306,354.074,134635.59877314,True
카이메루스,3306,357.63,134397.95878422,True
카이메루스,3306,345.746,134337.85495711,True
카이메루스,3306,352.531,134312.73561758,True
카이메루스,3306,359.769,134289.58581757,True
카이메루스,3306,359.428,134279.14074585,True
카이메루스,3306,376.564,134252.25459683,True
카이메루스,3306,361.289,134247.93171118,True
카이메루스,3306,378.84,134236.22373561,True
카이메루스,3306,370.33,134222.88499446,True
카이메루스,3306,343.902,134193.78776512,True
카이메루스,3306,363.351,134175.09790808,True
카이메루스,3306,365.168,134127.83978881,True
카이메루스,3306,344.442,134122.60990239,True
카이메루스,3306,352.908,134112.93878291,True
카이메루스,3306,355.227,134108.65446602,True
카이메루스,3306,367.88,134083.30977493,True
카이메루스,3306,370.116,134028.6288623,True
카이메루스,3306,348.008,134014.92781775,True
카이메루스,3306,375.614,134006.08071052,True
카이메루스,3306,336.154,134003.26041041,True
카이메루스,3306,374.228,133974.79076926,True
카이메루스,3306,356.673,133960.00538308,True
카이메루스,3306,337.822,133933.14526585,True
카이메루스,3306,371.942,133912.77403466,True
카이메루스,3306,367.94,133910.09947274,True
카이메루스,3306,375.454,133907.73836475,True
카이메루스,3306,357.442,133857.48736858,True
카이메루스,3306,358.637,133827.98205428,True
카이메루스,3306,349.882,133790.00348689,True
카이메루스,3306,370.389,133746.46655273,True
카이메루스,3306,372.421,133642.70543283,True
카이메루스,3306,348.552,133614.6342583,True
카이메루스,3306,288.207,133610.68953912,True
카이메루스,3306,344.977,133606.43173313,True
카이메루스,3306,331.165,133557.62233328,True
카이메루스,3306,356.78,133549.4590504,True
카이메루스,3306,366.904,133548.44046399,True
카이메루스,3306,358.228,133526.08673806,True
카이메루스,3306,356.763,133523.49038437,True
카이메루스,3306,350.879,133500.78232097,True
카이메루스,3306,379.941,133472.58653317,True
카이메루스,3306,355.285,133469.43721238,True
카이메루스,3306,342.465,133445.61634036,True
카이메루스,3306,378.377,133407.3635554,True
카이메루스,3306,364.172,133381.01776084,True
카이메루스,3306,376.488,133373.35320116,True
카이메루스,3306,361.745,133326.54494188,True
카이메루스,3306,365.504,133305.81060672,True
카이메루스,3306,342.239,133305.71033693,True
카이메루스,3306,371.79,133302.189408,True
카이메루스,3306,359.139,133295.55965796,True
카이메루스,3306,344.977,133254.09230181,True
카이메루스,3306,338.577,133215.43696116,True
카이메루스,3306,341.2,133195.88218054,True
카이메루스,3306,352.928,133194.77627165,True
카이메루스,3306,370.062,133191.17877545,True
카이메루스,3306,373.062,133155.74622985,True
카이메루스,3306,367.147,133097.11096645,True
카이메루스,3306,354.419,133091.55265378,True
카이메루스,3306,365.26,133072.25264195,True
카이메루스,3306,363.436,133019.57703695,True
카이메루스,3306,360.632,133015.35637437,True
카이메루스,3306,352.829,132976.85847819,True
카이메루스,3306,377.194,132943.35275747,True
카이메루스,3306,355.247,132929.60672434,True
카이메루스,3306,351.118,132920.05251796,True
카이메루스,3306,358.511,132910.68614352,True
카이메루스,3306,349.664,132906.35867576,True
카이메루스,3306,347.291,132889.45869602,True
카이메루스,3306,361.054,132888.27709982,True
카이메루스,3306,367.564,132884.00931538,True
카이메루스,3306,373.384,132883.14175219,True
카이메루스,3306,378.648,132854.00688766,True
카이메루스,3306,360.758,132850.51197756,True
카이메루스,3306,373.264,132847.43773844,True
카이메루스,3306,379.604,132845.31775218,True
카이메루스,3306,341.551,132820.96377993,True
카이메루스,3306,379.004,132816.97818493,True
카이메루스,3306,353.209,132799.38506663,True
카이메루스,3306,367.259,132764.94789781,True
카이메루스,3306,356.499,132755.79174135,True
카이메루스,3306,349.435,132741.80892011,True
카이메루스,3306,375.63,132677.19830684,True
카이메루스,3306,321.222,132670.33391237,True
카이메루스,3306,353.549,132643.44687724,True
카이메루스,3306,360.426,132628.64499231,True
카이메루스,3306,376.257,132624.9478415,True
카이메루스,3306,377.995,132534.98326697,True
카이메루스,3306,356.135,132503.0873124,True
카이메루스,3306,369.718,132493.1380133,True
카이메루스,3306,330.697,132492.77737627,False
카이메루스,3306,357.292,132488.80467517,True
카이메루스,3306,360.895,132485.11616952,True
카이메루스,3306,319.581,132480.68251867,True
카이메루스,3306,365.596,132474.29676473,True
카이메루스,3306,362.126,132455.94627284,True
카이메루스,3306,341.547,132434.37652797,True
카이메루스,3306,369.204,132397.24921723,True
카이메루스,3306,347.84,132393.46538638,True
카이메루스,3306,379.251,132388.47095987,True
카이메루스,3306,379.867,132380.12778157,True
카이메루스,3306,360.814,132357.70507796,True
카이메루스,3306,375.794,132301.59342619,True
카이메루스,3306,353.531,132254.24361654,True
카이메루스,3306,365.285,132247.21792573,True
카이메루스,3306,351.794,132241.41685191,True
카이메루스,3306,379.228,132235.2120624,True
카이메루스,3306,372.817,132220.48350799,True
카이메루스,3306,373.427,132207.55328351,True
카이메루스,3306,371.474,132187.44784292,True
카이메루스,3306,355.228,132174.95805511,True
카이메루스,3306,332.53,132173.27158452,True
카이메루스,3306,336.61,132160.01307151,True
카이메루스,3306,351.338,132147.62707137,True
카이메루스,3306,374.231,132122.14915386,True
카이메루스,3306,360.883,132120.06938537,True
카이메루스,3306,359.518,132111.10709339,True
카이메루스,3306,344.079,132101.54063456,True
카이메루스,3306,365.932,132101.12261294,True
카이메루스,3306,346.216,132100.18889942,True
카이메루스,3306,353.44,132097.1084201,True
카이메루스,3306,292.802,132066.29736136,True
카이메루스,3306,361.954,132036.1067981,True
카이메루스,3306,345.84,132027.04140643,True
카이메루스,3306,332.738,132026.84394328,True
카이메루스,3306,350.417,132020.72673415,True
카이메루스,3306,379.259,132008.66426374,False
카이메루스,3306,373.319,132003.07243939,True
카이메루스,3306,331.114,131980.93103886,True
카이메루스,3306,336.257,131963.9769581,True
카이메루스,3306,346.362,131942.04040859,True
카이메루스,3306,376.21,131939.90058744,True
카이메루스,3306,377.532,131939.13363635,True
카이메루스,3306,374.281,131917.40430318,True
카이메루스,3306,375.949,131896.83441105,True
카이메루스,3306,337.541,131859.88961341,True
카이메루스,3306,362.376,131803.47484381,True
카이메루스,3306,371.463,131798.52636736,True
카이메루스,3306,379.922,131796.32924653,True
카이메루스,3306,348.159,131783.56153367,True
카이메루스,3306,364.679,131768.58552316,True
카이메루스,3306,354.241,131768.49941142,True
카이메루스,3306,342.203,131749.94666908,True
카이메루스,3306,349.312,131731.6038384,True
카이메루스,3306,360.669,131730.50913719,True
카이메루스,3306,342.462,131713.89234426,True
카이메루스,3306,362.202,131705.54000254,True
카이메루스,3306,377.599,131695.75660952,True
카이메루스,3306,292.069,131685.42022604,True
카이메루스,3306,372.304,131674.14263613,True
카이메루스,3306,334.951,131661.565423,True
카이메루스,3306,371.483,131660.36938433,True
카이메루스,3306,362.584,131660.03188227,True
카이메루스,3306,375.708,131657.10072716,True
카이메루스,3306,330.833,131622.7341287,True
카이메루스,3306,323.423,131589.01809704,True
카이메루스,3306,365.481,131588.41909703,False
카이메루스,3306,350.15,131580.51977724,True
카이메루스,3306,367.832,131569.86613454,True
카이메루스,3306,356.499,131515.40397028,True
카이메루스,3306,319.031,131506.19532271,True
카이메루스,3306,374.058,131497.72762513,True
카이메루스,3306,353.554,131476.39681633,True
카이메루스,3306,352.866,131359.9666729,True
카이메루스,3306,353.555,131353.31702281,True
카이메루스,3306,347.952,131329.27530234,True
카이메루스,3306,369.699,131297.28779358,True
카이메루스,3306,372.112,131280.2489573,True
카이메루스,3306,361.804,131266.77151165,True
카이메루스,3306,365.747,131249.75187766,True
카이메루스,3306,345.658,131242.18736439,True
카이메루스,3306,371.625,131238.07870838,True
카이메루스,3306,350.856,131232.95882071,True
카이메루스,3306,375.283,131224.99820136,True
카이메루스,3306,345.939,131198.85297697,True
카이메루스,3306,335.567,131195.90126562,True
카이메루스,3306,361.428,131157.94293746,True
카이메루스,3306,366.267,131145.50314388,True
카이메루스,3306,364.101,131142.28194924,True
카이메루스,3306,366.642,131124.45382689,True
카이메루스,3306,350.715,131117.69100267,True
카이메루스,3306,372.573,131083.07365268,True
카이메루스,3306,358.85,131070.99066462,True
카이메루스,3306,364.556,131066.46989763,True
카이메루스,3306,349.773,131060.13042745,True
카이메루스,3306,308.31,131034.90318186,True
카이메루스,3306,327.806,131033.37949885,True
카이메루스,3306,369.519,131023.05970735,True
카이메루스,3306,360.213,130978.61265418,True
카이메루스,3306,355.446,130973.18580037,True
카이메루스,3306,370.573,130953.63126833,True
카이메루스,3306,374.099,130950.40884899,True
카이메루스,3306,372.151,130933.88167706,True
카이메루스,3306,346.914,130930.80129369,True
카이메루스,3306,354.501,130901.83948705,True
카이메루스,3306,331.542,130887.90258851,True
카이메루스,3306,342.969,130884.51142815,True
카이메루스,3306,370.434,130862.37224445,True
카이메루스,3306,364.896,130852.74160309,True
